record_id,Anti-virus,Authentication (e.g. password,PIN),Software update,Backup,None,Firewall,Encryption,Cloud storage.e.g: box,Dropbox
0,1,0,0,0,0,0,0,0,0,0
1,1,1,1,0,0,0,0,0,0,0
2,1,1,1,0,0,0,0,0,0,0
3,1,1,1,0,0,0,0,0,0,0
4,1,0,0,0,0,0,0,0,0,0
5,1,1,1,1,1,0,0,0,0,0
6,1,0,0,0,0,0,0,0,0,0
7,0,0,0,0,0,1,0,0,0,0
8,1,1,1,0,1,0,0,0,0,0
9,1,1,1,0,1,0,0,0,0,0
10,1,1,1,0,0,0,1,0,0,0
11,1,0,0,0,0,0,0,0,0,0
12,0,1,1,0,1,0,0,0,0,0
13,0,1,1,1,1,0,1,0,0,0
14,0,0,0,1,1,0,1,0,0,0
15,1,0,0,1,1,0,1,0,0,0
16,1,1,1,1,1,0,1,0,0,0
17,1,1,1,1,1,0,1,1,0,0
18,1,1,1,0,0,0,0,0,0,0
19,1,0,0,0,0,0,0,0,0,0
20,0,0,0,0,0,1,0,0,0,0
21,1,0,0,1,1,0,1,0,0,0
22,0,1,1,0,0,0,0,0,0,0
23,0,1,1,1,1,0,0,0,0,0
24,1,1,1,1,0,0,1,1,0,0
25,0,0,0,1,1,0,0,0,0,0
26,1,1,1,0,0,0,1,0,0,0
27,1,1,1,1,1,0,1,0,0,0
28,0,0,0,1,0,0,0,0,0,0
29,1,0,0,0,0,0,1,0,0,0
30,1,1,1,0,0,0,1,0,0,0
31,1,1,1,1,1,0,0,0,0,0
32,0,0,0,1,1,0,1,0,0,0
33,1,1,1,0,1,0,0,0,0,0
34,0,1,1,1,1,0,0,0,0,0
35,1,1,1,0,1,0,1,0,0,0
36,1,1,1,1,1,0,0,0,0,0
37,0,1,1,1,1,0,0,0,0,0
38,1,1,1,1,1,0,1,1,0,0
39,1,1,1,1,1,0,1,0,0,0
40,1,1,1,0,0,0,0,0,0,0
41,0,0,0,0,0,1,0,0,0,0
42,1,1,1,1,0,0,1,0,0,0
43,1,1,1,0,0,0,0,0,0,0
44,1,1,1,1,1,0,1,1,0,0
45,1,1,1,0,0,0,0,0,0,0
46,1,1,1,1,1,0,1,0,0,0
47,1,0,0,1,0,0,0,0,0,0
48,1,1,1,1,1,0,1,0,0,0
49,1,1,1,1,1,0,0,0,0,0
50,0,0,0,0,0,1,0,0,0,0
51,1,0,0,0,0,0,0,0,0,0
52,0,1,1,1,0,0,0,0,0,0
53,1,1,1,1,1,0,0,0,0,0
54,0,0,0,0,0,1,0,0,0,0
55,1,1,1,1,0,0,1,1,0,0
56,1,1,1,1,0,0,0,0,0,0
57,1,1,1,1,1,0,1,0,0,0
58,0,1,1,1,1,0,0,0,0,0
59,0,1,1,0,0,0,0,0,0,0
60,1,0,0,0,0,0,0,0,0,0
61,0,0,0,1,0,0,0,0,0,0
62,0,0,0,1,0,0,0,0,0,0
63,1,1,1,1,0,0,1,0,0,0
64,1,0,0,0,0,0,0,0,0,0
65,1,0,0,0,0,0,0,0,0,0
66,0,0,0,0,1,0,0,0,0,0
67,1,1,1,0,0,0,1,0,0,0
68,1,1,1,0,0,0,1,0,0,0
69,0,1,1,0,0,0,0,0,0,0
70,0,1,1,1,1,0,0,1,0,0
71,0,0,0,0,0,1,0,0,0,0
72,1,1,1,1,1,0,1,0,0,0
73,1,1,1,1,1,0,0,0,0,0
74,0,0,0,0,0,1,0,0,0,0
75,1,1,1,1,1,0,1,1,0,0
76,1,0,0,0,1,0,1,0,0,0
77,1,1,1,0,1,0,0,0,0,0
78,0,0,0,1,0,0,0,0,0,0
79,0,1,1,0,0,0,0,0,0,0
80,1,1,1,1,1,0,0,0,0,0
81,0,1,1,1,1,0,1,0,0,0
82,1,0,0,0,1,0,1,0,0,0
83,1,0,0,1,1,0,0,0,0,0
84,1,1,1,0,0,0,1,0,0,0
85,0,1,1,0,0,0,1,0,0,0
86,1,1,1,0,0,0,0,0,0,0
87,0,1,1,0,0,0,0,0,0,0
88,1,0,0,0,0,0,0,0,0,0
89,0,1,1,0,0,0,0,0,0,0
90,1,1,1,0,1,0,1,0,0,0
91,1,1,1,0,1,0,0,0,0,0
92,1,1,1,0,1,0,1,0,0,0
93,1,0,0,0,0,0,0,0,0,0
94,0,0,0,1,0,0,0,0,0,0
95,1,1,1,1,1,0,1,1,0,0
96,0,0,0,0,0,0,1,0,0,0
97,1,1,1,1,0,0,1,0,0,0
98,1,1,1,1,1,0,1,0,0,0
99,1,1,1,1,1,0,1,0,0,0
100,1,0,0,0,0,0,0,0,0,0
101,0,0,0,1,0,0,0,0,0,0
102,1,1,1,0,1,0,0,0,0,0
103,1,1,1,1,1,0,0,0,0,0
104,1,1,1,1,1,0,1,1,0,0
105,1,1,1,1,1,0,1,0,0,0
106,1,1,1,1,1,0,1,0,0,0
107,1,1,1,1,1,0,1,1,0,0
108,0,0,0,1,1,0,0,0,0,0
109,1,0,0,0,1,0,1,0,0,0
110,1,1,1,0,1,0,0,0,0,0
111,1,1,1,1,1,0,1,1,0,0
112,0,1,1,1,1,0,0,0,0,0
113,1,1,1,1,1,0,0,0,0,0
114,1,0,0,0,0,0,0,0,0,0
115,1,0,0,1,1,0,0,0,0,0
116,1,1,1,1,1,0,1,0,0,0
117,1,0,0,1,0,0,0,0,0,0
118,0,0,0,0,0,1,0,0,0,0
119,0,1,1,0,0,0,0,0,0,0
120,0,1,1,0,0,0,0,0,0,0
121,1,1,1,0,0,0,1,0,0,0
122,1,1,1,1,1,0,1,0,0,0
123,1,1,1,1,0,0,0,0,0,0
124,1,1,1,1,1,0,1,0,0,0
125,0,0,0,0,1,0,0,0,0,0
126,0,0,0,1,0,0,0,0,0,0
127,1,0,0,1,0,0,1,0,0,0
128,1,1,1,1,1,0,1,0,0,0
129,1,1,1,1,1,0,1,0,0,0
130,0,0,0,1,0,0,0,0,0,0
131,1,1,1,1,0,0,0,0,0,0
132,1,0,0,0,0,0,0,0,0,0
133,1,0,0,0,0,0,0,0,0,0
134,1,1,1,1,1,0,0,0,0,0
135,1,0,0,0,0,0,0,0,0,0
136,1,0,0,0,1,0,0,0,0,0
137,0,0,0,0,1,0,0,0,0,0
138,0,1,1,1,0,0,0,0,0,0
139,1,1,1,1,0,0,0,0,0,0
140,1,0,0,0,0,0,0,0,0,0
141,1,1,1,1,1,0,0,0,0,0
142,0,0,0,1,0,0,0,0,0,0
143,1,0,0,0,0,0,0,0,0,0
144,1,1,1,1,1,0,1,0,0,0
145,1,1,1,1,1,0,1,0,0,0
146,1,1,1,1,1,0,1,1,0,0
147,1,1,1,0,0,0,0,0,0,0
148,0,0,0,0,0,0,1,0,0,0
149,1,0,0,0,1,0,1,0,0,0
150,1,1,1,1,1,0,1,1,0,0
151,1,0,0,0,0,0,0,0,0,0
152,1,1,1,0,0,0,0,0,0,0
153,0,0,0,0,1,0,1,0,0,0
154,1,1,1,1,1,0,1,1,0,0
155,1,0,0,1,0,0,1,0,0,0
156,1,1,1,1,1,0,0,0,0,0
157,1,1,1,1,1,0,0,0,0,0
158,1,1,1,1,1,0,0,0,0,0
159,1,1,1,1,1,0,1,0,0,0
160,1,0,0,0,0,0,1,0,0,0
161,1,0,0,1,1,0,1,0,0,0
162,1,0,0,0,1,0,0,0,0,0
163,1,1,1,0,0,0,0,0,0,0
164,1,0,0,0,1,0,0,0,0,0
165,1,0,0,0,1,0,1,0,0,0
166,1,0,0,0,1,0,1,0,0,0
167,1,1,1,1,1,0,1,1,0,0
168,1,1,1,1,1,0,0,0,0,0
169,1,0,0,0,0,0,0,0,0,0
170,0,1,1,0,0,0,0,0,0,0
171,1,0,0,0,0,0,0,0,0,0
172,1,1,1,0,0,0,0,0,0,0
173,1,1,1,1,1,0,1,0,0,0
174,0,0,0,1,1,0,0,0,0,0
175,1,0,0,1,0,0,1,0,0,0
176,1,1,1,1,0,0,0,0,0,0
177,1,0,0,0,0,0,0,0,0,0
178,1,0,0,0,1,0,1,0,0,0
179,0,1,1,0,0,0,0,0,0,0
180,1,1,1,1,1,0,1,0,0,0
181,1,1,1,0,0,0,1,0,0,0
182,1,1,1,1,1,0,1,1,0,0
183,1,1,1,0,0,0,1,0,0,0
184,1,1,1,1,1,0,1,0,0,0
185,1,0,0,1,1,0,0,1,0,0
186,0,1,1,1,1,0,1,0,0,0
187,1,1,1,1,1,0,1,1,0,0
188,1,1,1,1,1,0,1,0,0,0
189,0,0,0,0,1,0,0,0,0,0
190,1,1,1,1,1,0,0,0,0,0
191,1,1,1,1,1,0,1,0,0,0
192,0,1,1,0,0,0,0,0,0,0
193,1,1,1,1,1,0,1,0,0,0
194,1,1,1,1,0,0,1,0,0,0
195,1,1,1,1,1,0,1,0,0,0
196,1,1,1,0,0,0,0,0,0,0
197,1,1,1,0,1,0,1,1,0,0
198,1,0,0,1,1,0,0,0,0,0
199,1,0,0,1,0,0,1,0,0,0
200,0,0,0,0,1,0,0,0,0,0
201,1,0,0,1,1,0,0,0,0,0
202,1,1,1,1,1,0,1,0,0,0
203,1,1,1,1,1,0,1,1,0,0
204,1,1,1,1,1,0,1,1,0,0
205,1,1,1,0,1,0,0,0,0,0
206,0,0,0,0,0,0,1,0,0,0
207,1,1,1,0,0,0,1,0,0,0
208,1,1,1,1,0,0,1,0,0,0
209,0,1,1,0,1,0,0,0,0,0
210,0,1,1,1,0,0,1,0,0,0
211,0,1,1,1,1,0,1,1,0,0
212,1,1,1,1,0,0,0,0,0,0
213,0,1,1,1,0,0,0,0,0,0
214,1,1,1,1,1,0,1,1,0,0
215,1,0,0,1,1,0,0,1,0,0
216,1,0,0,1,0,0,0,0,0,0
217,0,0,0,0,1,0,0,0,0,0
218,1,1,1,1,1,0,1,1,0,0
219,1,1,1,1,1,0,1,1,0,0
220,0,1,1,1,1,0,0,0,0,0
221,1,0,0,1,0,0,0,0,0,0
222,1,1,1,1,1,0,1,0,0,0
223,1,1,1,1,0,0,0,0,0,0
224,1,0,0,0,0,0,0,0,0,0
225,1,0,0,1,0,0,1,0,0,0
226,1,1,1,1,0,0,1,0,1,1
227,1,1,1,1,1,0,1,0,0,0
228,1,0,0,1,1,0,1,1,0,0
229,0,0,0,0,1,0,0,0,0,0
230,1,1,1,1,1,0,1,0,0,0
231,1,1,1,1,1,0,1,1,0,0
232,1,0,0,1,0,0,1,0,0,0
233,1,0,0,1,0,0,0,0,0,0
234,1,0,0,0,0,0,0,0,0,0
235,1,1,1,1,0,0,0,0,0,0
236,1,1,1,1,1,0,1,1,0,0
237,0,1,1,0,0,0,0,0,0,0
238,0,0,0,1,0,0,0,0,0,0
239,1,1,1,1,1,0,1,0,0,0
240,1,0,0,1,1,0,0,0,0,0
241,0,0,0,1,1,0,0,0,0,0
242,1,1,1,1,1,0,1,1,0,0
243,1,1,1,0,1,0,0,1,0,0
244,1,1,1,1,1,0,0,0,0,0
245,1,0,0,1,0,0,1,1,0,0
246,1,1,1,0,1,0,1,1,0,0
247,0,0,0,1,0,0,0,0,0,0
248,1,1,1,1,1,0,1,1,0,0
249,1,1,1,1,1,0,1,1,0,0
250,0,1,1,0,0,0,0,0,0,0
251,1,0,0,0,0,0,0,0,0,0
252,1,1,1,1,1,0,1,0,0,0
253,1,1,1,0,0,0,0,0,0,0
254,0,1,1,0,1,0,0,0,0,0
255,1,0,0,0,0,0,0,0,0,0
256,0,1,1,1,1,0,1,0,0,0
257,0,0,0,0,0,1,0,0,0,0
258,1,0,0,0,0,0,0,0,0,0
259,1,0,0,0,0,0,0,0,0,0
260,1,1,1,0,1,0,1,0,0,0
261,0,1,1,0,0,0,0,0,0,0
262,0,0,0,0,0,1,0,0,0,0
263,1,0,0,1,1,0,1,0,0,0
264,0,0,0,0,1,0,0,0,0,0
265,1,0,0,1,0,0,0,0,0,0
266,1,0,0,1,0,0,0,0,0,0
267,1,1,1,1,1,0,1,1,0,0
268,0,1,1,0,1,0,0,0,0,0
269,1,0,0,1,1,0,1,0,0,0
270,1,1,1,1,1,0,1,1,0,0
271,1,1,1,1,0,0,1,0,0,0
272,0,1,1,1,1,0,0,0,0,0
273,0,1,1,0,1,0,1,0,0,0
274,0,1,1,1,1,0,0,0,0,0
275,1,0,0,0,0,0,0,0,0,0
276,1,1,1,1,1,0,0,0,0,0
277,1,1,1,0,1,0,1,0,0,0
278,0,1,1,0,0,0,1,0,0,0
279,1,1,1,1,0,0,1,0,0,0
280,0,1,1,1,1,0,0,0,0,0
281,1,0,0,0,1,0,1,1,0,0
282,1,0,0,0,0,0,0,0,0,0
283,0,0,0,0,0,1,0,0,0,0
284,1,0,0,1,1,0,1,0,0,0
285,1,1,1,1,1,0,1,0,0,0
286,0,0,0,1,0,0,0,0,0,0
287,1,0,0,0,0,0,1,0,0,0
288,0,1,1,0,1,0,0,0,0,0
289,0,0,0,0,0,1,0,0,0,0
290,1,0,0,0,1,0,0,0,0,0
291,1,1,1,1,1,0,0,0,0,0
292,0,1,1,0,0,0,0,0,0,0
293,0,0,0,1,0,0,1,0,0,0
294,0,1,1,0,0,0,1,0,0,0
295,1,1,1,1,0,0,0,0,0,0
296,0,0,0,0,1,0,0,0,0,0
297,0,0,0,0,0,1,0,0,0,0
298,1,0,0,0,1,0,0,0,0,0
299,0,1,1,0,0,0,1,0,0,0
300,1,1,1,1,1,0,1,0,0,0
301,1,1,1,0,1,0,0,0,0,0
302,1,0,0,1,1,0,0,0,0,0
303,0,0,0,1,0,0,0,0,0,0
304,0,0,0,1,0,0,0,0,0,0
305,1,1,1,1,1,0,0,0,0,0
306,1,0,0,0,0,0,0,0,0,0
307,1,1,1,1,0,0,0,0,0,0
308,1,1,1,1,1,0,0,0,0,0
309,0,1,1,0,0,0,0,0,0,0
310,0,1,1,1,0,0,0,0,0,0
311,1,0,0,0,0,0,0,0,0,0
312,1,1,1,0,0,0,0,0,0,0
313,1,0,0,0,0,0,0,0,0,0
314,1,1,1,1,0,0,0,0,0,0
315,1,0,0,0,0,0,0,0,0,0
316,1,1,1,1,0,0,0,0,0,0
317,0,0,0,0,1,0,0,0,0,0
318,1,0,0,0,0,0,0,0,0,0
319,0,0,0,0,0,1,0,0,0,0
320,1,1,1,1,0,0,0,0,0,0
321,0,0,0,1,0,0,0,0,0,0
322,1,1,1,0,1,0,1,0,0,0
323,0,1,1,0,0,0,0,0,0,0
324,0,1,1,0,1,0,1,0,0,0
325,1,0,0,0,0,0,0,0,0,0
326,0,1,1,1,1,0,1,0,0,0
327,1,1,1,1,1,0,0,0,0,0
328,1,0,0,0,0,0,1,0,0,0
329,1,1,1,0,1,0,1,0,0,0
330,1,1,1,0,1,0,0,0,0,0
331,1,1,1,1,1,0,1,1,0,0
332,1,0,0,0,1,0,1,1,0,0
333,1,1,1,0,1,0,0,0,0,0
334,0,1,1,0,1,0,0,0,0,0
335,1,1,1,1,1,0,1,1,0,0
336,0,0,0,0,0,1,0,0,0,0
337,1,1,1,1,1,0,1,1,0,0
338,0,1,1,1,0,0,0,0,0,0
339,1,0,0,1,1,0,1,0,0,0
340,1,1,1,1,1,0,1,0,0,0
341,1,0,0,1,1,0,0,0,0,0
342,0,1,1,0,1,0,0,0,0,0
343,1,0,0,0,0,0,0,0,0,0
344,0,1,1,0,0,0,0,0,0,0
345,1,1,1,1,1,0,1,1,0,0
346,1,0,0,1,1,0,0,0,0,0
347,1,1,1,0,0,0,1,0,0,0
348,0,0,0,0,1,0,0,0,0,0
349,0,0,0,0,1,0,0,0,0,0
350,0,0,0,1,0,0,0,0,0,0
351,1,1,1,1,1,0,1,0,0,0
352,1,0,0,0,0,0,0,0,0,0
353,1,1,1,0,0,0,0,0,0,0
354,0,0,0,0,1,0,0,0,0,0
355,0,0,0,1,0,0,0,0,0,0
356,1,1,1,1,1,0,1,1,0,0
357,1,0,0,0,0,0,0,1,0,0
358,1,0,0,0,0,0,0,1,0,0
359,0,1,1,1,0,0,0,0,0,0
360,1,1,1,1,1,0,1,1,0,0
361,1,1,1,0,0,0,0,1,0,0
362,0,1,1,1,0,0,0,0,0,0
363,0,0,0,1,1,0,0,0,0,0
364,1,0,0,1,1,0,0,0,0,0
365,0,1,1,1,1,0,0,0,0,0
366,0,0,0,0,0,1,0,0,0,0
367,1,1,1,1,1,0,0,0,0,0
368,1,1,1,0,1,0,1,0,0,0
369,0,0,0,1,0,0,0,0,0,0
370,0,0,0,0,1,0,0,1,0,0
371,0,1,1,0,1,0,0,0,0,0
372,0,0,0,1,1,0,0,0,0,0
373,1,0,0,0,0,0,0,0,0,0
374,1,1,1,1,1,0,1,0,0,0
375,1,1,1,0,0,0,0,0,0,0
376,1,0,0,0,1,0,1,0,0,0
377,1,1,1,1,1,0,1,1,0,0
378,1,0,0,0,0,0,0,0,0,0
379,0,0,0,1,0,0,0,0,0,0
380,1,0,0,1,1,0,0,0,0,0
381,1,0,0,1,0,0,0,0,0,0
382,1,1,1,1,1,0,0,1,0,0
383,1,1,1,0,0,0,0,0,0,0
384,1,1,1,1,1,0,1,0,0,0
385,1,1,1,0,1,0,0,0,0,0
386,1,1,1,0,0,0,1,0,0,0
387,0,0,0,1,0,0,0,0,0,0
388,1,0,0,0,0,0,0,0,0,0
389,1,0,0,1,0,0,0,0,0,0
390,0,1,1,0,1,0,0,0,0,0
391,1,0,0,0,0,0,0,0,0,0
392,0,0,0,0,1,0,0,0,0,0
393,1,0,0,1,1,0,0,0,0,0
394,0,1,1,1,0,0,0,0,0,0
395,1,0,0,1,1,0,1,0,0,0
396,0,0,0,1,1,0,0,0,0,0
397,1,1,1,1,1,0,0,0,0,0
398,0,0,0,0,0,0,1,0,0,0
399,0,1,1,0,1,0,0,0,0,0
400,0,0,0,1,1,0,0,0,0,0
401,1,1,1,0,0,0,0,0,0,0
402,0,1,1,0,1,0,0,0,0,0
403,1,0,0,0,0,0,1,0,0,0
404,1,1,1,1,0,0,1,0,0,0
405,1,0,0,0,0,0,0,0,0,0
406,1,1,1,0,0,0,0,0,0,0
407,1,1,1,1,1,0,1,1,0,0
408,0,0,0,1,0,0,0,0,0,0
409,1,0,0,0,0,0,0,0,0,0
410,0,0,0,0,0,1,0,0,0,0
411,0,1,1,0,0,0,0,0,0,0
412,1,0,0,0,0,0,0,0,0,0
413,1,1,1,0,0,0,0,0,0,0
414,0,1,1,0,0,0,0,0,0,0
415,1,1,1,1,1,0,1,0,0,0
416,1,0,0,1,1,0,0,0,0,0
417,1,1,1,1,1,0,1,1,0,0
418,0,0,0,0,1,0,1,0,0,0
419,0,0,0,1,0,0,0,0,0,0
420,1,0,0,0,0,0,1,0,0,0
421,1,1,1,0,0,0,1,0,0,0
422,1,0,0,1,0,0,1,0,0,0
423,1,1,1,1,1,0,0,0,0,0
424,0,1,1,1,0,0,0,0,0,0
425,0,0,0,0,0,0,0,1,0,0
426,1,0,0,1,0,0,0,0,0,0
427,1,0,0,1,0,0,0,0,0,0
428,1,1,1,1,1,0,1,0,0,0
429,0,1,1,0,1,0,0,0,0,0
430,0,1,1,1,1,0,0,0,0,0
431,1,1,1,0,1,0,0,0,0,0
432,1,1,1,1,0,0,1,0,0,0
433,1,1,1,0,1,0,0,0,0,0
434,0,0,0,0,0,1,0,0,0,0
435,0,1,1,1,1,0,0,0,0,0
436,1,1,1,1,1,0,1,0,0,0
437,1,0,0,0,1,0,0,0,0,0
438,1,1,1,0,0,0,1,0,0,0
439,1,1,1,0,0,0,0,1,0,0
440,1,0,0,1,1,0,0,0,0,0
441,1,0,0,0,1,0,0,0,0,0
442,0,0,0,0,0,1,0,0,0,0
443,0,0,0,0,0,1,0,0,0,0
444,1,0,0,0,0,0,1,0,0,0
445,1,1,1,1,1,0,1,0,0,0
446,1,1,1,1,1,0,0,0,0,0
447,0,0,0,0,0,0,1,0,0,0
448,1,0,0,0,0,0,0,0,0,0
449,0,0,0,0,1,0,0,0,0,0
450,1,1,1,1,1,0,1,0,0,0
451,1,1,1,1,1,0,0,0,0,0
452,0,1,1,0,1,0,0,1,0,0
453,1,1,1,1,1,0,0,0,0,0
454,1,1,1,1,1,0,1,1,0,0
455,1,1,1,1,1,0,1,1,0,0
456,1,1,1,1,1,0,1,1,0,0
457,1,1,1,1,1,0,1,0,0,0
458,1,1,1,1,1,0,1,1,0,0
459,1,0,0,0,0,0,0,0,0,0
460,1,1,1,1,1,0,0,0,0,0
461,0,1,1,1,1,0,0,0,0,0
462,0,0,0,0,0,1,0,0,0,0
463,1,1,1,1,1,0,1,0,0,0
464,0,1,1,0,0,0,0,0,0,0
465,1,1,1,1,0,0,0,0,0,0
466,0,0,0,0,0,1,0,0,0,0
467,0,0,0,1,0,0,0,0,0,0
468,0,0,0,1,0,0,0,0,0,0
469,0,1,1,0,1,0,1,0,0,0
470,1,1,1,1,0,0,0,0,0,0
471,1,0,0,0,1,0,1,0,0,0
472,1,1,1,1,1,0,1,1,0,0
473,1,0,0,0,0,0,0,0,0,0
474,0,0,0,0,0,1,0,0,0,0
475,1,0,0,0,0,0,1,1,0,0
476,0,0,0,0,0,0,1,0,0,0
477,1,1,1,1,1,0,0,0,0,0
478,0,0,0,1,0,0,0,0,0,0
479,1,1,1,0,0,0,0,0,0,0
480,1,0,0,0,0,0,0,0,0,0
481,1,0,0,1,0,0,0,0,0,0
482,0,1,1,1,0,0,0,0,0,0
483,0,0,0,1,1,0,0,0,0,0
484,0,1,1,0,0,0,0,0,0,0
485,1,0,0,0,0,0,0,0,0,0
486,0,0,0,0,1,0,0,0,0,0
487,1,1,1,1,0,0,1,0,0,0
488,0,0,0,0,1,0,0,0,0,0
489,0,1,1,1,1,0,1,0,0,0
490,1,1,1,1,0,0,1,0,0,0
491,1,1,1,1,1,0,1,1,0,0
492,1,1,1,1,1,0,1,0,0,0
493,0,1,1,1,1,0,0,0,0,0
494,1,1,1,1,1,0,1,0,0,0
495,1,1,1,1,1,0,1,1,0,0
496,0,0,0,0,0,1,0,0,0,0
497,1,1,1,0,1,0,0,0,0,0
498,1,1,1,1,1,0,1,1,0,0
499,0,1,1,1,0,0,1,0,0,0
500,0,1,1,0,0,0,0,0,0,0
501,0,1,1,1,1,0,0,0,0,0
502,1,1,1,1,1,0,0,0,0,0
503,0,0,0,0,0,0,1,0,0,0
504,1,1,1,0,0,0,0,0,0,0
505,0,0,0,0,1,0,0,0,0,0
506,0,1,1,0,0,0,0,0,0,0
507,1,1,1,1,1,0,1,0,0,0
508,1,1,1,0,1,0,1,0,0,0
509,1,1,1,1,1,0,1,0,0,0
510,1,0,0,1,0,0,0,0,0,0
511,1,1,1,1,1,0,0,0,0,0
512,1,1,1,1,0,0,1,0,0,0
513,0,0,0,1,0,0,0,0,0,0
514,0,0,0,1,1,0,0,0,0,0
515,1,0,0,0,1,0,0,0,0,0
516,0,0,0,0,0,1,0,0,0,0
517,0,0,0,0,0,1,0,0,0,0
518,1,1,1,1,1,0,0,0,0,0
519,1,1,1,0,1,0,1,0,0,0
520,0,0,0,0,1,0,0,0,0,0
521,1,0,0,0,0,0,0,0,0,0
522,1,1,1,0,0,0,1,0,0,0
523,0,1,1,0,1,0,0,0,0,0
524,1,1,1,1,1,0,1,0,0,0
525,0,0,0,1,0,0,0,0,0,0
526,1,0,0,0,0,0,0,0,0,0
527,0,0,0,0,0,1,0,0,0,0
528,0,0,0,1,1,0,0,0,0,0
529,1,1,1,0,0,0,0,0,0,0
530,1,1,1,0,1,0,0,0,0,0
531,1,0,0,0,0,0,1,0,0,0
532,1,1,1,1,1,0,1,1,0,0
533,1,0,0,1,0,0,0,0,0,0
534,0,0,0,0,1,0,0,0,0,0
535,0,0,0,1,1,0,0,0,0,0
536,0,1,1,0,0,0,0,0,0,0
537,0,0,0,0,1,0,0,0,0,0
538,1,1,1,1,1,0,1,0,0,0
539,1,0,0,0,0,0,0,0,0,0
540,0,0,0,0,0,1,0,0,0,0
541,1,0,0,0,1,0,0,0,0,0
542,1,1,1,1,1,0,1,0,0,0
543,0,1,1,1,0,0,1,0,0,0
544,0,1,1,1,0,0,1,0,0,0
545,1,1,1,0,0,0,1,0,0,0
546,0,1,1,0,0,0,0,0,0,0
547,1,1,1,1,1,0,0,0,0,0
548,0,1,1,1,0,0,0,1,0,0
549,1,1,1,1,1,0,1,1,0,0
550,1,1,1,1,1,0,1,0,0,0
551,1,0,0,1,0,0,0,0,0,0
552,1,1,1,1,1,0,1,1,0,0
553,1,1,1,0,1,0,0,0,0,0
554,1,1,1,1,1,0,1,0,0,0
555,1,1,1,0,1,0,0,0,0,0
556,0,1,1,1,0,0,0,0,0,0
557,1,0,0,0,0,0,0,0,0,0
558,1,0,0,0,0,0,0,0,0,0
559,1,0,0,0,0,0,1,0,0,0
560,1,1,1,0,0,0,0,1,0,0
561,1,1,1,0,0,0,0,0,0,0
562,1,0,0,0,0,0,1,0,0,0
563,1,0,0,0,0,0,1,0,0,0
564,1,1,1,0,1,0,0,0,0,0
565,1,1,1,0,1,0,0,0,0,0
566,1,1,1,1,1,0,1,0,0,0
567,1,1,1,0,0,0,0,0,0,0
568,0,0,0,0,1,0,0,0,0,0
569,1,0,0,1,0,0,0,0,0,0
570,0,0,0,0,0,1,0,0,0,0
571,1,1,1,1,0,0,0,0,0,0
572,1,1,1,1,1,0,1,0,0,0
573,0,1,1,0,0,0,0,0,0,0
574,0,1,1,1,1,0,0,0,0,0
575,1,1,1,0,1,0,0,0,0,0
576,1,0,0,0,0,0,0,0,0,0
577,0,0,0,0,1,0,0,0,0,0
578,1,0,0,1,1,0,1,0,0,0
579,0,1,1,1,1,0,0,0,0,0
580,0,1,1,1,1,0,0,0,0,0
581,0,1,1,1,1,0,0,0,0,0
582,1,1,1,0,0,0,1,0,0,0
583,1,1,1,1,1,0,1,0,0,0
584,0,1,1,1,1,0,0,0,0,0
585,1,0,0,0,0,0,1,0,0,0
586,1,1,1,1,0,0,0,0,0,0
587,1,1,1,1,1,0,1,0,0,0
588,1,0,0,0,0,0,0,0,0,0
589,1,1,1,1,1,0,1,1,0,0
590,1,1,1,1,1,0,1,0,0,0
591,1,0,0,0,0,0,1,0,0,0
592,1,1,1,1,1,0,0,0,0,0
593,1,0,0,0,1,0,1,0,0,0
594,1,0,0,1,1,0,1,0,0,0
595,1,1,1,0,1,0,0,0,0,0
596,1,0,0,0,0,0,1,0,0,0
597,1,1,1,1,0,0,1,0,0,0
598,1,1,1,1,1,0,1,1,0,0
599,0,0,0,0,1,0,0,0,0,0
600,1,1,1,0,1,0,0,0,0,0
601,0,1,1,1,1,0,0,1,0,0
602,1,1,1,0,1,0,1,0,0,0
603,1,0,0,1,0,0,0,0,0,0
604,1,0,0,0,0,0,1,0,0,0
605,0,1,1,0,0,0,0,0,0,0
606,0,1,1,1,1,0,1,0,0,0
607,1,0,0,0,0,0,1,0,0,0
608,0,1,1,0,0,0,0,0,0,0
609,1,1,1,0,0,0,1,0,0,0
610,1,0,0,0,0,0,0,0,0,0
611,1,0,0,1,1,0,1,0,0,0
612,1,1,1,1,1,0,1,1,0,0
613,1,0,0,0,0,0,0,0,0,0
614,1,0,0,0,0,0,1,0,0,0
615,0,0,0,0,0,1,0,0,0,0
616,1,0,0,0,1,0,1,0,0,0
617,1,0,0,0,0,0,0,0,0,0
618,0,1,1,1,0,0,0,0,0,0
619,0,1,1,0,0,0,0,0,0,0
620,1,1,1,1,1,0,0,1,0,0
621,1,0,0,1,1,0,0,0,0,0
622,0,0,0,0,0,0,1,0,0,0
623,1,1,1,1,1,0,0,0,0,0
624,1,0,0,0,0,0,0,0,0,0
625,0,0,0,0,1,0,0,0,0,0
626,1,1,1,1,1,0,1,0,0,0
627,1,0,0,1,1,0,0,0,0,0
628,0,0,0,0,0,0,1,0,0,0
629,0,0,0,1,0,0,0,0,0,0
630,1,0,0,1,1,0,1,0,0,0
631,0,0,0,1,1,0,0,0,0,0
632,1,0,0,0,1,0,0,0,0,0
633,1,1,1,0,1,0,1,0,0,0
634,0,0,0,0,1,0,0,0,0,0
635,0,0,0,0,0,1,0,0,0,0
636,0,1,1,1,1,0,0,0,0,0
637,0,1,1,1,1,0,0,0,0,0
638,0,1,1,0,1,0,0,0,0,0
639,0,0,0,0,0,1,0,0,0,0
640,1,1,1,1,1,0,0,0,0,0
641,1,0,0,0,1,0,1,0,0,0
642,1,0,0,0,0,0,0,0,0,0
643,0,1,1,0,0,0,0,0,0,0
644,1,0,0,0,1,0,1,0,0,0
645,0,0,0,0,0,1,0,0,0,0
646,1,1,1,0,0,0,0,0,0,0
647,1,1,1,1,1,0,1,0,0,0
648,1,1,1,0,1,0,0,0,0,0
649,1,0,0,0,0,0,1,0,0,0
650,1,1,1,0,0,0,1,0,0,0
651,1,1,1,0,1,0,1,0,0,0
652,0,0,0,1,0,0,0,0,0,0
653,1,0,0,1,1,0,1,0,0,0
654,1,1,1,0,1,0,0,0,0,0
655,1,0,0,1,0,0,0,0,0,0
656,1,1,1,1,1,0,0,0,0,0
657,1,1,1,0,0,0,1,0,0,0
658,1,0,0,0,0,0,1,0,0,0
659,1,0,0,1,0,0,1,1,0,0
660,1,1,1,0,1,0,0,0,0,0
661,1,1,1,1,1,0,1,1,0,0
662,1,1,1,1,1,0,1,1,0,0
663,1,1,1,1,1,0,1,1,0,0
664,1,0,0,0,0,0,0,0,0,0
665,1,1,1,1,1,0,1,0,0,0
666,1,0,0,0,1,0,0,0,0,0
667,1,1,1,0,0,0,1,0,0,0
668,1,0,0,0,0,0,1,0,0,0
669,0,1,1,0,0,0,0,0,0,0
670,0,1,1,0,0,0,0,0,0,0
671,1,0,0,0,0,0,0,0,0,0
672,1,0,0,1,0,0,0,0,0,0
673,1,1,1,1,1,0,0,0,0,0
674,1,1,1,0,0,0,0,0,0,0
675,1,1,1,0,0,0,0,0,0,0
676,1,1,1,1,0,0,1,0,0,0
677,1,1,1,1,1,0,1,0,0,0
678,1,1,1,1,0,0,1,0,0,0
679,1,0,0,0,0,0,1,0,0,0
680,0,1,1,0,0,0,0,0,0,0
681,0,0,0,0,1,0,0,0,0,0
682,1,0,0,1,1,0,0,0,0,0
683,1,0,0,1,1,0,1,0,0,0
684,1,0,0,1,1,0,1,0,0,0
685,1,1,1,0,0,0,0,0,0,0
686,0,0,0,0,0,0,1,0,0,0
687,1,0,0,0,0,0,0,0,0,0
688,1,1,1,1,0,0,1,0,0,0
689,1,1,1,0,1,0,0,0,0,0
690,0,1,1,0,0,0,0,0,0,0
691,1,1,1,0,0,0,0,0,0,0
692,0,1,1,1,0,0,0,0,0,0
693,1,0,0,0,0,0,0,0,0,0
694,0,1,1,1,1,0,0,0,0,0
695,0,1,1,1,0,0,1,0,0,0
696,0,1,1,1,1,0,0,0,0,0
697,1,0,0,1,1,0,1,0,0,0
698,1,0,0,1,1,0,1,0,0,0
699,1,1,1,1,1,0,0,0,0,0
700,1,0,0,0,1,0,0,0,0,0
701,1,1,1,1,0,0,0,0,0,0
702,0,0,0,0,0,0,1,0,0,0
703,0,0,0,1,0,0,0,0,0,0
704,1,0,0,1,1,0,1,0,0,0
705,1,0,0,0,0,0,0,0,0,0
706,0,1,1,0,0,0,0,0,0,0
707,0,1,1,1,0,0,0,0,0,0
708,0,0,0,1,0,0,0,0,0,0
709,1,0,0,0,1,0,0,0,0,0
710,0,1,1,1,1,0,0,0,0,0
711,1,0,0,0,1,0,0,0,0,0
712,0,1,1,0,0,0,0,0,0,0
713,1,1,1,0,1,0,0,0,0,0
714,0,0,0,0,1,0,0,0,0,0
715,0,0,0,0,0,0,1,0,0,0
716,0,1,1,0,0,0,0,0,0,0
717,1,0,0,0,0,0,1,0,0,0
718,1,0,0,0,1,0,0,0,0,0
719,0,1,1,0,1,0,0,0,0,0
720,0,1,1,0,0,0,0,0,0,0
721,0,0,0,0,0,0,1,0,0,0
722,0,1,1,0,0,0,0,0,0,0
723,1,0,0,1,1,0,0,0,0,0
724,1,1,1,1,1,0,1,0,0,0
725,1,1,1,0,1,0,1,0,0,0
726,0,0,0,0,0,1,0,0,0,0
727,0,1,1,0,1,0,0,0,0,0
728,0,0,0,0,0,1,0,0,0,0
729,0,1,1,0,0,0,0,0,0,0
730,1,0,0,1,1,0,1,0,0,0
731,1,1,1,1,1,0,0,0,0,0
732,0,0,0,0,1,0,0,0,0,0
733,0,1,1,0,1,0,0,0,0,0
734,0,1,1,1,1,0,0,0,0,0
735,0,1,1,0,0,0,1,0,0,0
736,0,1,1,0,0,0,0,0,0,0
737,0,0,0,1,0,0,0,0,0,0
738,0,1,1,0,0,0,0,0,0,0
739,0,1,1,0,1,0,0,0,0,0
740,0,1,1,1,1,0,0,0,0,0
741,1,0,0,0,0,0,0,0,0,0
742,0,1,1,0,1,0,0,0,0,0
743,1,1,1,1,1,0,1,0,0,0
744,0,1,1,1,1,0,0,0,0,0
745,1,0,0,0,0,0,0,0,0,0
746,0,0,0,0,1,0,1,0,0,0
747,0,0,0,0,0,1,0,0,0,0
748,0,0,0,1,1,0,0,1,0,0
749,1,1,1,0,1,0,1,0,0,0
750,0,0,0,0,0,1,0,0,0,0
751,0,1,1,0,0,0,0,0,0,0
752,1,0,0,1,1,0,0,0,0,0
753,1,0,0,0,0,0,1,0,0,0
754,0,1,1,1,1,0,0,0,0,0
755,0,1,1,0,0,0,0,0,0,0
756,1,0,0,0,1,0,0,0,0,0
757,1,0,0,1,1,0,1,0,0,0
758,1,1,1,1,0,0,0,0,0,0
759,0,0,0,0,0,1,0,0,0,0
760,1,0,0,1,1,0,0,0,0,0
761,1,1,1,0,0,0,0,0,0,0
762,0,0,0,0,1,0,1,0,0,0
763,1,1,1,1,0,0,0,0,0,0
764,0,0,0,0,1,0,0,0,0,0
765,1,1,1,1,1,0,1,0,0,0
766,1,1,1,1,1,0,0,0,0,0
767,1,0,0,0,1,0,1,0,0,0
768,0,1,1,0,0,0,0,0,0,0
769,1,0,0,0,0,0,0,0,0,0
770,0,1,1,0,1,0,0,0,0,0
771,0,1,1,1,1,0,0,0,0,0
772,0,0,0,0,1,0,0,0,0,0
773,0,1,1,0,0,0,0,0,0,0
774,1,0,0,0,0,0,0,0,0,0
775,0,1,1,0,0,0,0,0,0,0
776,1,0,0,0,0,0,0,0,0,0
777,0,0,0,0,1,0,0,0,0,0
778,1,0,0,0,1,0,0,0,0,0
779,0,1,1,0,0,0,0,0,0,0
780,1,0,0,0,0,0,0,1,0,0
781,1,0,0,0,0,0,0,0,0,0
782,0,0,0,0,1,0,0,0,0,0
783,0,0,0,0,1,0,0,0,0,0
784,0,0,0,1,1,0,0,0,0,0
785,1,1,1,1,1,0,1,0,0,0
786,1,1,1,0,0,0,0,0,0,0
787,1,0,0,0,1,0,1,0,0,0
788,0,0,0,1,0,0,0,0,0,0
789,0,1,1,0,0,0,1,0,0,0
790,1,1,1,1,1,0,0,0,0,0
791,1,1,1,1,0,0,1,1,0,0
792,0,0,0,0,1,0,0,0,0,0
793,1,1,1,1,1,0,1,1,0,0
794,1,1,1,1,1,0,1,0,0,0
795,1,0,0,0,1,0,1,0,0,0
796,1,1,1,1,1,0,1,0,0,0
797,0,1,1,0,0,0,0,0,0,0
798,0,0,0,0,1,0,1,0,0,0
799,1,1,1,0,1,0,1,0,0,0
800,0,0,0,0,0,1,0,0,0,0
801,0,1,1,1,1,0,1,0,0,0
802,1,1,1,0,0,0,0,0,0,0
803,1,1,1,1,1,0,0,0,0,0
804,1,1,1,0,0,0,0,0,0,0
805,1,1,1,1,1,0,0,0,0,0
806,1,0,0,0,1,0,0,0,0,0
807,1,0,0,0,0,0,0,0,0,0
808,1,1,1,1,1,0,1,0,0,0
809,0,0,0,0,0,0,1,0,0,0
810,0,0,0,1,1,0,0,0,0,0
811,1,1,1,0,1,0,0,0,0,0
812,0,0,0,0,0,1,0,0,0,0
813,0,1,1,1,1,0,0,0,0,0
814,0,0,0,1,0,0,0,0,0,0
815,0,1,1,0,1,0,0,0,0,0
816,0,0,0,0,1,0,0,0,0,0
817,0,0,0,1,0,0,0,0,0,0
818,1,1,1,1,1,0,1,1,0,0
819,0,1,1,0,0,0,0,0,0,0
820,1,0,0,0,0,0,1,0,0,0
821,0,0,0,0,0,1,0,0,0,0
822,0,1,1,0,1,0,0,0,0,0
823,1,1,1,0,1,0,0,0,0,0
824,0,0,0,0,1,0,0,0,0,0
825,0,0,0,1,0,0,0,0,0,0
826,0,1,1,0,0,0,0,0,0,0
827,1,0,0,0,0,0,0,0,0,0
828,0,0,0,0,1,0,0,0,0,0
829,0,1,1,0,1,0,0,1,0,0
830,0,1,1,0,1,0,0,0,0,0
831,0,0,0,0,1,0,0,0,0,0
832,0,0,0,1,0,0,0,0,0,0
833,1,1,1,1,1,0,1,0,0,0
834,0,0,0,0,0,0,1,0,0,0
835,0,0,0,1,1,0,1,1,0,0
836,1,0,0,0,0,0,0,0,0,0
837,1,1,1,0,0,0,0,0,0,0
838,0,1,1,0,0,0,0,0,0,0
839,0,1,1,0,0,0,0,0,0,0
840,1,1,1,0,1,0,1,0,0,0
841,1,1,1,0,0,0,1,0,0,0
842,1,0,0,0,0,0,0,0,0,0
843,0,1,1,0,0,0,0,0,0,0
844,0,0,0,1,1,0,0,0,0,0
845,0,1,1,0,0,0,0,0,0,0
846,0,0,0,0,1,0,0,0,0,0
847,1,0,0,0,0,0,0,0,0,0
848,0,0,0,1,0,0,0,0,0,0
849,0,0,0,0,0,1,0,0,0,0
850,1,1,1,0,0,0,0,0,0,0
851,0,1,1,0,0,0,0,0,0,0
852,1,0,0,0,0,0,0,0,0,0
853,0,0,0,1,1,0,0,0,0,0
854,1,0,0,1,1,0,1,0,0,0
855,0,1,1,0,1,0,1,0,0,0
856,1,0,0,0,0,0,0,0,0,0
857,1,0,0,0,1,0,1,0,0,0
858,0,0,0,1,1,0,0,0,0,0
859,0,0,0,0,0,0,1,0,0,0
860,0,0,0,0,1,0,0,0,0,0
861,1,0,0,0,0,0,0,0,0,0
862,0,0,0,1,0,0,0,0,0,0
863,1,1,1,1,1,0,1,1,0,0
864,1,1,1,1,1,0,1,0,0,0
865,1,1,1,0,1,0,1,0,0,0
866,0,1,1,0,0,0,0,0,0,0
867,1,1,1,0,0,0,1,0,0,0
868,0,1,1,0,1,0,0,0,0,0
869,0,0,0,1,0,0,0,0,0,0
870,1,0,0,1,0,0,0,0,0,0
871,0,1,1,1,1,0,0,0,0,0
872,1,0,0,1,0,0,1,0,0,0
873,1,1,1,1,1,0,1,1,0,0
874,0,0,0,0,0,0,0,1,0,0
875,1,1,1,1,1,0,1,0,0,0
876,0,0,0,0,0,1,0,0,0,0
877,1,1,1,1,1,0,1,0,0,0
878,1,1,1,1,1,0,1,1,0,0
879,0,0,0,0,0,1,0,0,0,0
880,1,0,0,0,0,0,0,0,0,0
881,0,1,1,0,1,0,0,0,0,0
882,1,0,0,1,1,0,1,0,0,0
883,0,1,1,0,0,0,0,0,0,0
884,0,1,1,0,0,0,0,0,0,0
885,1,0,0,0,0,0,0,0,0,0
886,1,1,1,1,0,0,0,0,0,0
887,1,1,1,1,0,0,1,0,0,0
888,0,1,1,0,1,0,0,0,0,0
889,0,0,0,0,0,0,1,0,0,0
890,0,0,0,0,0,1,0,0,0,0
891,1,1,1,1,1,0,1,0,0,0
892,0,1,1,1,0,0,1,0,0,0
893,1,0,0,0,0,0,0,0,0,0
894,1,1,1,0,1,0,1,0,0,0
895,0,1,1,1,0,0,1,0,0,0
896,1,1,1,1,0,0,0,0,0,0
897,1,0,0,1,1,0,0,0,0,0
898,1,0,0,1,1,0,1,0,0,0
899,1,0,0,1,1,0,0,0,0,0
900,1,0,0,1,0,0,1,0,0,0
901,1,0,0,0,0,0,0,0,0,0
902,1,1,1,1,1,0,1,1,0,0
903,1,1,1,1,0,0,1,0,0,0
904,0,1,1,0,0,0,0,0,0,0
905,1,1,1,1,1,0,1,0,0,0
906,1,1,1,0,0,0,0,0,0,0
907,1,1,1,1,1,0,1,0,0,0
908,0,1,1,0,0,0,0,0,0,0
909,0,0,0,0,1,0,0,0,0,0
910,1,0,0,0,0,0,1,0,0,0
911,0,0,0,1,0,0,0,0,0,0
912,1,1,1,1,0,0,1,0,0,0
913,0,0,0,1,0,0,0,0,0,0
914,1,0,0,0,0,0,0,0,0,0
915,1,0,0,0,1,0,0,0,0,0
916,0,0,0,0,1,0,0,0,0,0
917,1,1,1,0,1,0,1,0,0,0
918,0,0,0,0,0,1,0,0,0,0
919,0,0,0,1,0,0,0,0,0,0
920,0,1,1,1,1,0,0,0,0,0
921,1,1,1,1,1,0,1,0,0,0
922,1,0,0,0,1,0,0,0,0,0
923,0,1,1,0,0,0,0,0,0,0
924,0,0,0,0,0,1,0,0,0,0
925,0,0,0,0,0,1,0,0,0,0
926,1,0,0,0,0,0,0,0,0,0
927,0,1,1,0,0,0,0,0,0,0
928,1,1,1,1,1,0,1,1,0,0
929,0,1,1,0,0,0,0,0,0,0
930,1,0,0,0,0,0,0,0,0,0
931,1,1,1,1,1,0,0,0,0,0
932,1,0,0,0,0,0,0,0,0,0
933,1,0,0,1,1,0,0,0,0,0
934,1,0,0,0,1,0,0,0,0,0
935,0,0,0,1,0,0,0,0,0,0
936,0,1,1,0,0,0,0,0,0,0
937,0,0,0,1,0,0,0,0,0,0
938,1,1,1,1,1,0,1,0,0,0
939,0,1,1,0,0,0,0,0,0,0
940,1,1,1,1,1,0,1,0,0,0
941,1,1,1,1,1,0,0,0,0,0
942,0,0,0,0,1,0,0,0,0,0
943,1,0,0,0,1,0,0,1,0,0
944,1,0,0,1,1,0,1,0,0,0
945,0,0,0,0,0,1,0,0,0,0
946,1,1,1,0,1,0,0,0,0,0
947,1,0,0,0,1,0,1,0,0,0
948,1,0,0,0,1,0,0,0,0,0
949,1,0,0,0,1,0,0,1,0,0
950,1,1,1,0,1,0,1,0,0,0
951,0,1,1,1,1,0,1,0,0,0
952,1,0,0,0,0,0,0,0,0,0
953,0,0,0,0,1,0,0,0,0,0
954,1,1,1,1,1,0,1,1,0,0
955,1,1,1,0,0,0,0,0,0,0
956,1,1,1,1,1,0,0,0,0,0
957,1,0,0,1,1,0,1,0,0,0
958,0,0,0,0,0,1,0,0,0,0
959,0,0,0,1,0,0,0,0,0,0
960,0,0,0,1,1,0,0,0,0,0
961,0,1,1,1,1,0,0,0,0,0
962,0,1,1,0,1,0,0,0,0,0
963,0,1,1,0,0,0,0,0,0,0
964,0,0,0,1,1,0,0,0,0,0
965,1,1,1,0,1,0,1,0,0,0
966,0,0,0,1,0,0,0,0,0,0
967,0,1,1,0,0,0,0,0,0,0
968,0,0,0,0,1,0,1,0,0,0
969,0,1,1,1,1,0,1,0,0,0
970,1,1,1,1,1,0,1,1,0,0
971,1,1,1,1,1,0,1,0,0,0
972,1,1,1,1,1,0,1,0,0,0
973,0,0,0,0,1,0,0,0,0,0
974,0,0,0,0,0,1,0,0,0,0
975,0,1,1,1,1,0,1,0,0,0
976,0,0,0,0,0,1,0,0,0,0
977,1,0,0,0,1,0,0,0,0,0
978,0,0,0,0,1,0,0,0,0,0
979,1,1,1,1,1,0,1,0,0,0
980,1,1,1,1,1,0,1,0,0,0
981,1,1,1,1,1,0,0,0,0,0
982,0,0,0,0,0,1,0,0,0,0
983,1,0,0,0,0,0,0,0,0,0
984,1,1,1,1,1,0,0,0,0,0
985,0,1,1,1,1,0,0,0,0,0
986,0,1,1,0,0,0,0,0,0,0
987,0,1,1,0,0,0,0,0,0,0
988,0,0,0,1,1,0,1,0,0,0
989,1,0,0,0,0,0,1,0,0,0
990,1,1,1,1,0,0,0,0,0,0
991,0,0,0,0,0,1,0,0,0,0
992,1,0,0,1,0,0,1,0,0,0
993,1,1,1,1,1,0,1,0,0,0
994,1,1,1,0,1,0,0,0,0,0
995,1,0,0,0,0,0,0,0,0,0
996,1,0,0,1,1,0,1,0,0,0
997,0,0,0,0,0,0,0,1,0,0
998,1,1,1,1,1,0,1,0,0,0
999,0,1,1,0,0,0,0,0,0,0
1000,1,1,1,1,1,0,0,0,0,0
1001,0,1,1,1,1,0,0,0,0,0
1002,1,1,1,1,1,0,1,0,0,0
1003,0,0,0,0,0,0,1,0,0,0
1004,1,1,1,0,0,0,0,0,0,0
1005,0,1,1,1,1,0,0,0,0,0
1006,0,0,0,0,0,0,1,0,0,0
1007,0,1,1,0,0,0,1,0,0,0
1008,1,1,1,1,1,0,1,0,0,0
1009,1,0,0,0,0,0,0,0,0,0
1010,1,1,1,1,0,0,0,0,0,0
1011,1,0,0,0,0,0,0,0,0,0
1012,1,0,0,1,1,0,1,0,0,0
1013,0,0,0,0,0,0,1,0,0,0
1014,0,1,1,0,1,0,0,0,0,0
1015,0,0,0,1,0,0,0,0,0,0
1016,0,0,0,0,0,1,0,0,0,0
1017,0,0,0,0,1,0,0,0,0,0
1018,1,0,0,0,0,0,0,0,0,0
1019,0,0,0,0,1,0,0,0,0,0
1020,1,0,0,0,0,0,1,0,0,0
1021,0,0,0,1,1,0,0,0,0,0
1022,1,0,0,1,1,0,1,0,0,0
1023,0,0,0,0,1,0,0,0,0,0
1024,1,1,1,0,1,0,1,0,0,0
1025,1,0,0,1,1,0,0,0,0,0
1026,0,1,1,1,1,0,1,0,0,0
1027,1,1,1,0,0,0,1,0,0,0
1028,0,0,0,1,1,0,1,0,0,0
1029,0,0,0,1,1,0,1,0,0,0
1030,0,1,1,0,0,0,1,0,0,0
1031,1,0,0,1,1,0,1,0,0,0
1032,1,1,1,1,1,0,1,0,0,0
1033,0,0,0,0,0,0,1,0,0,0
1034,0,1,1,1,0,0,1,0,0,0
1035,0,0,0,0,0,0,1,0,0,0
1036,0,0,0,1,1,0,0,0,0,0
1037,1,0,0,1,1,0,1,0,0,0
1038,0,1,1,1,1,0,0,0,0,0
1039,1,0,0,1,0,0,0,0,0,0
1040,1,0,0,0,0,0,0,0,0,0
1041,0,1,1,1,0,0,1,0,0,0
1042,1,1,1,1,1,0,1,0,0,0
1043,0,0,0,0,1,0,0,0,0,0
1044,0,1,1,0,0,0,0,0,0,0
1045,1,0,0,0,0,0,0,0,0,0
1046,0,1,1,1,1,0,1,0,0,0
1047,0,0,0,0,0,1,0,0,0,0
1048,0,0,0,0,1,0,0,0,0,0
1049,0,1,1,0,0,0,0,0,0,0
1050,1,0,0,0,1,0,0,0,0,0
1051,0,0,0,1,0,0,0,0,0,0
1052,1,0,0,0,0,0,0,0,0,0
1053,0,0,0,0,0,1,0,0,0,0
1054,1,1,1,0,1,0,0,0,0,0
1055,1,0,0,0,0,0,0,0,0,0
1056,0,0,0,0,0,1,0,0,0,0
1057,1,1,1,0,1,0,0,0,0,0
1058,0,0,0,0,0,1,0,0,0,0
1059,1,1,1,0,1,0,1,0,0,0
1060,1,1,1,1,1,0,0,0,0,0
1061,0,0,0,1,1,0,0,0,0,0
1062,1,0,0,0,1,0,0,0,0,0
1063,0,0,0,0,0,1,0,0,0,0
1064,0,0,0,0,1,0,0,0,0,0
1065,0,0,0,0,0,0,1,0,0,0
1066,1,1,1,0,0,0,1,0,0,0
1067,0,1,1,1,0,0,0,0,0,0
1068,1,1,1,1,1,0,0,0,0,0
1069,1,1,1,1,1,0,0,0,0,0
1070,0,1,1,1,1,0,0,0,0,0
1071,1,0,0,0,0,0,0,0,0,0
1072,1,0,0,0,0,0,0,0,0,0
1073,0,0,0,0,1,0,0,0,0,0
1074,1,1,1,0,0,0,0,0,0,0
1075,0,0,0,0,1,0,0,0,0,0
1076,0,0,0,0,1,0,0,0,0,0
1077,0,0,0,1,0,0,0,0,0,0
1078,1,0,0,1,0,0,1,0,0,0
1079,1,0,0,0,0,0,0,0,0,0
1080,0,1,1,0,1,0,0,0,0,0
1081,1,0,0,1,1,0,0,0,0,0
1082,0,1,1,0,1,0,0,0,0,0
1083,0,0,0,0,1,0,0,0,0,0
1084,0,0,0,0,0,1,0,0,0,0
1085,0,0,0,0,1,0,0,0,0,0
1086,0,1,1,0,0,0,0,0,0,0
1087,0,0,0,0,0,0,1,0,0,0
1088,1,1,1,1,1,0,1,0,0,0
1089,0,0,0,0,0,1,0,0,0,0
1090,1,1,1,1,1,0,1,0,0,0
1091,1,1,1,1,1,0,1,1,0,0
1092,0,0,0,0,0,1,0,0,0,0
1093,0,1,1,0,0,0,0,0,0,0
1094,0,0,0,0,1,0,0,0,0,0
1095,1,0,0,0,0,0,0,0,0,0
1096,1,0,0,0,0,0,0,0,0,0
1097,1,0,0,0,0,0,0,0,0,0
1098,1,0,0,0,0,0,1,0,0,0
1099,0,1,1,1,1,0,0,0,0,0
1100,1,1,1,1,1,0,1,0,0,0
1101,0,0,0,0,0,1,0,0,0,0
1102,1,0,0,0,0,0,0,0,0,0
1103,0,0,0,0,0,1,0,0,0,0
1104,1,0,0,0,0,0,0,0,0,0
1105,0,0,0,0,1,0,0,0,0,0
1106,1,1,1,1,1,0,0,0,0,0
1107,0,0,0,0,1,0,0,0,0,0
1108,1,0,0,1,1,0,0,0,0,0
1109,0,1,1,0,0,0,0,0,0,0
1110,0,1,1,0,0,0,0,0,0,0
1111,0,0,0,0,1,0,1,0,0,0
1112,0,0,0,0,0,1,0,0,0,0
1113,1,0,0,1,1,0,0,0,0,0
1114,1,0,0,1,0,0,0,0,0,0
1115,0,0,0,0,1,0,0,0,0,0
1116,0,0,0,1,0,0,0,0,0,0
1117,0,1,1,1,1,0,0,0,0,0
1118,1,1,1,1,0,0,1,0,0,0
1119,1,0,0,0,0,0,0,0,0,0
1120,0,0,0,0,1,0,0,0,0,0
1121,1,1,1,0,1,0,0,0,0,0
1122,1,0,0,1,0,0,0,0,0,0
1123,0,0,0,1,0,0,0,0,0,0
1124,1,1,1,1,1,0,0,0,0,0
1125,1,0,0,1,1,0,1,0,0,0
1126,0,1,1,1,1,0,0,0,0,0
1127,1,1,1,0,1,0,0,0,0,0
1128,0,1,1,0,1,0,0,0,0,0
1129,0,0,0,0,1,0,0,0,0,0
1130,1,1,1,0,0,0,0,0,0,0
1131,1,1,1,0,1,0,0,0,0,0
1132,1,0,0,0,0,0,0,0,0,0
1133,1,1,1,0,1,0,0,0,0,0
1134,1,0,0,1,0,0,1,0,0,0
1135,0,0,0,0,0,0,0,1,0,0
1136,1,1,1,1,1,0,1,0,0,0
1137,1,0,0,1,0,0,0,0,0,0
1138,1,1,1,1,1,0,0,0,0,0
1139,0,0,0,0,0,1,0,0,0,0
1140,1,1,1,1,1,0,0,0,0,0
1141,1,0,0,0,0,0,0,0,0,0
1142,0,0,0,0,0,1,0,0,0,0
1143,1,1,1,0,1,0,0,0,0,0
1144,0,0,0,0,1,0,1,0,0,0
1145,0,0,0,0,1,0,0,0,0,0
1146,0,0,0,1,0,0,0,0,0,0
1147,0,0,0,1,1,0,0,0,0,0
1148,1,0,0,1,0,0,1,0,0,0
1149,1,0,0,0,0,0,0,0,0,0
1150,0,0,0,0,0,1,0,0,0,0
1151,1,1,1,1,1,0,1,1,0,0
1152,0,0,0,0,1,0,0,0,0,0
1153,0,0,0,1,1,0,1,0,0,0
1154,0,0,0,0,1,0,0,0,0,0
1155,1,1,1,1,1,0,1,0,0,0
1156,1,0,0,0,1,0,0,0,0,0
1157,1,1,1,1,1,0,1,1,0,0
1158,1,0,0,1,1,0,1,1,0,0
1159,0,1,1,0,0,0,0,0,0,0
1160,0,0,0,1,1,0,0,0,0,0
1161,0,0,0,0,0,1,0,0,0,0
1162,0,0,0,0,1,0,0,0,0,0
1163,1,1,1,1,1,0,1,0,0,0
1164,0,0,0,0,1,0,0,0,0,0
1165,0,0,0,0,0,1,0,0,0,0
1166,0,0,0,1,0,0,0,0,0,0
1167,1,0,0,1,1,0,0,1,0,0
1168,0,1,1,0,1,0,0,0,0,0
1169,0,1,1,0,0,0,0,0,0,0
1170,0,0,0,0,0,0,1,0,0,0
1171,0,0,0,0,0,1,0,0,0,0
1172,1,1,1,1,1,0,1,0,0,0
1173,0,1,1,0,0,0,0,0,0,0
1174,1,1,1,1,1,0,0,0,0,0
1175,0,0,0,0,1,0,0,0,0,0
1176,1,0,0,0,0,0,0,0,0,0
1177,1,1,1,1,1,0,0,0,0,0
1178,1,0,0,0,0,0,0,0,0,0
1179,1,1,1,1,1,0,1,0,0,0
1180,0,1,1,1,1,0,1,0,0,0
1181,1,1,1,1,1,0,1,0,0,0
1182,0,0,0,0,1,0,0,0,0,0
1183,1,1,1,0,1,0,0,0,0,0
1184,0,1,1,0,1,0,0,0,0,0
1185,0,0,0,0,0,0,1,0,0,0
1186,1,1,1,0,1,0,1,0,0,0
1187,0,0,0,0,1,0,0,0,0,0
1188,1,1,1,1,1,0,0,0,0,0
1189,0,0,0,0,1,0,0,0,0,0
1190,1,1,1,0,0,0,1,0,0,0
1191,1,1,1,1,1,0,0,0,0,0
1192,0,1,1,0,1,0,1,0,0,0
1193,0,1,1,1,1,0,0,0,0,0
1194,1,0,0,0,0,0,0,0,0,0
1195,0,0,0,0,0,0,1,0,0,0
1196,1,1,1,1,0,0,0,0,0,0
1197,1,1,1,0,0,0,0,0,0,0
1198,0,0,0,1,0,0,0,0,0,0
1199,1,1,1,0,1,0,1,0,0,0
1200,1,0,0,0,0,0,0,0,0,0
1201,1,1,1,1,1,0,1,1,0,0
1202,0,1,1,0,0,0,0,0,0,0
1203,0,1,1,0,0,0,0,0,0,0
1204,0,1,1,0,1,0,0,1,0,0
1205,0,1,1,0,0,0,0,0,0,0
1206,1,1,1,1,1,0,0,0,0,0
1207,0,1,1,0,0,0,0,0,0,0
1208,1,0,0,0,0,0,1,0,0,0
1209,0,1,1,1,0,0,1,0,0,0
1210,1,1,1,0,1,0,0,0,0,0
1211,1,1,1,1,1,0,0,1,0,0
1212,1,1,1,1,0,0,1,0,0,0
